{"cameraMode":{"drawMode":0,"name":"Shaded","section":"Shading Mode"},"sceneLighting":true,"audioPlay":false,"sceneViewState":{"showFog":true,"showMaterialUpdate":false,"showSkybox":true,"showFlares":true,"showImageEffects":true,"showParticleSystems":true},"in2DMode":false,"pivot":{"x":5.159999847412109,"y":9.0,"z":5.210000038146973},"rotation":{"x":0.4407138526439667,"y":0.003591349581256509,"z":-0.001763697131536901,"w":0.8976387977600098},"size":52.20756912231445,"orthographic":true}